{
    "loss": 0.19189046323299408,
    "accuracy": 0.9863013625144958
}