{
    "loss": 3.5825185775756836,
    "accuracy": 0.767123281955719
}