{
    "loss": 0.4326893091201782,
    "accuracy": 0.9726027250289917
}